City_ID,City,Country,Lat,Lng,Max Temp,Humidity,Cloudiness,Wind Speed,Current Description
0,Esperance,AU,-33.8667,121.9,60.13,44,37,22.88,light rain
1,Bonthe,SL,7.5264,-12.505,81.12,76,96,9.42,light rain
2,Gobabis,NA,-22.45,18.9667,63.63,21,0,10.92,clear sky
3,Agadir,MA,30.4202,-9.5982,79.25,52,12,6.64,few clouds
4,Pedernales,DO,18.0384,-71.744,87.62,57,79,5.77,broken clouds
5,Ushuaia,AR,-54.8,-68.3,47.86,53,0,9.22,clear sky
6,Zhigansk,RU,66.7697,123.3711,61.23,82,100,9.22,moderate rain
7,Tiksi,RU,71.6872,128.8694,34.18,87,99,7.65,overcast clouds
8,Puerto Ayora,EC,-0.7393,-90.3518,80.56,87,63,5.99,broken clouds
9,Tura,IN,25.5198,90.2201,74.41,95,79,4.92,heavy intensity rain
10,Narsaq,GL,60.9167,-46.05,59.22,71,97,4.16,overcast clouds
11,Price,US,39.5994,-110.8107,77.72,28,1,0.0,clear sky
12,Naryan-Mar,RU,67.6713,53.087,53.56,56,99,9.33,overcast clouds
13,Sitka,US,57.0531,-135.33,62.49,67,40,3.44,scattered clouds
14,Tessalit,ML,20.1986,1.0114,109.38,5,5,11.7,clear sky
15,Vagur,FO,61.4732,-6.8119,49.42,90,31,15.46,scattered clouds
16,Khandyga,RU,62.6667,135.6,59.36,84,16,3.65,few clouds
17,Dingle,PH,10.9995,122.6711,77.38,89,100,3.13,overcast clouds
18,Longyearbyen,SJ,78.2186,15.6401,48.04,61,0,4.61,clear sky
19,Pevek,RU,69.7008,170.3133,35.6,90,69,7.9,broken clouds
20,Saskylakh,RU,71.9167,114.0833,44.31,81,100,13.71,light rain
21,Warrnambool,AU,-38.3833,142.4833,42.82,87,0,6.6,clear sky
22,Tokur,RU,53.1333,132.9,52.3,96,87,1.21,overcast clouds
23,Cidreira,BR,-30.1811,-50.2056,53.38,91,100,17.81,moderate rain
24,Punta Alta,AR,-38.8759,-62.0736,48.13,65,95,22.55,light rain
25,Punta Arenas,CL,-53.15,-70.9167,48.31,53,75,11.5,broken clouds
26,Khatanga,RU,71.9667,102.5,48.67,56,100,11.56,overcast clouds
27,Los Llanos De Aridane,ES,28.6585,-17.9182,71.35,77,20,16.11,few clouds
28,Quibdo,CO,5.6947,-76.6611,88.5,57,49,2.71,scattered clouds
29,Dikson,RU,73.5069,80.5464,34.9,77,99,10.71,overcast clouds
30,Butaritari,KI,3.0707,172.7902,81.5,78,100,13.22,light rain
31,Pacific Grove,US,36.6177,-121.9166,80.8,91,90,7.0,overcast clouds
32,Saint-Augustin,CA,51.226,-58.6502,59.81,90,98,8.97,overcast clouds
33,Busselton,AU,-33.65,115.3333,56.08,71,80,18.57,light rain
34,Georgetown,MY,5.4112,100.3354,80.53,87,20,6.91,few clouds
35,Kosovska Mitrovica,XK,42.8833,20.8667,80.94,58,33,5.79,scattered clouds
36,Ushtobe,KZ,45.2514,77.9838,69.39,31,92,14.43,overcast clouds
37,Tasiilaq,GL,65.6145,-37.6368,51.96,70,14,5.17,few clouds
38,Valga,EE,57.7778,26.0473,72.0,72,100,6.15,overcast clouds
39,Saldanha,ZA,-33.0117,17.9442,55.54,82,16,13.29,few clouds
40,San Patricio,US,28.017,-97.5169,91.81,54,32,12.68,scattered clouds
41,Trincomalee,LK,8.5711,81.2335,80.29,77,99,10.4,moderate rain
42,Vanimo,PG,-2.6741,141.3028,77.13,91,41,4.92,scattered clouds
43,Fukue,JP,32.6881,128.8419,73.58,86,81,2.15,light rain
44,Saint-Philippe,RE,-21.3585,55.7679,72.95,82,36,9.86,scattered clouds
45,Valasska Bystrice,CZ,49.4151,18.1098,76.87,70,72,4.76,broken clouds
46,Atuona,PF,-9.8,-139.0333,78.3,77,17,20.87,light rain
47,Hermanus,ZA,-34.4187,19.2345,58.8,69,89,16.6,overcast clouds
48,Chokwe,MZ,-24.5333,32.9833,67.62,82,0,6.24,clear sky
49,Albany,US,42.6001,-73.9662,90.25,57,97,10.22,overcast clouds
50,Cherskiy,RU,68.75,161.3,66.15,45,68,6.17,broken clouds
51,Bambous Virieux,MU,-20.3428,57.7575,74.21,78,5,16.22,clear sky
52,Aksu,CN,41.1231,80.2644,83.68,19,3,9.46,clear sky
53,Rikitea,PF,-23.1203,-134.9692,74.55,78,21,10.31,few clouds
54,Aksarka,RU,66.5606,67.7975,52.54,84,69,8.48,broken clouds
55,Cape Town,ZA,-33.9258,18.4232,59.88,74,76,4.0,broken clouds
56,Hobart,AU,-42.8794,147.3294,42.66,86,25,3.0,scattered clouds
57,Chulman,RU,56.8479,124.9104,55.94,91,25,1.88,scattered clouds
58,Dombas,NO,62.0696,9.1235,70.39,37,90,5.39,overcast clouds
59,Namibe,AO,-15.1961,12.1522,70.32,71,3,12.75,clear sky
60,Hilo,US,19.7297,-155.09,75.61,88,90,6.91,moderate rain
61,Matiri,TZ,-10.75,34.9,57.56,59,7,4.21,clear sky
62,Qujing,CN,25.4833,103.7833,65.82,91,100,4.36,moderate rain
63,Ajdabiya,LY,30.7554,20.2263,86.83,42,0,17.96,clear sky
64,Jamestown,US,42.097,-79.2353,86.02,58,20,11.99,few clouds
65,Chuy,UY,-33.6971,-53.4616,51.15,73,48,16.33,scattered clouds
66,Mehamn,NO,71.0357,27.8492,57.15,62,20,9.22,few clouds
67,Kidal,ML,18.4411,1.4078,108.5,5,5,14.61,clear sky
68,Solnechnyy,RU,50.7214,136.6319,56.08,87,95,2.91,overcast clouds
69,Berdigestyakh,RU,62.0989,126.6992,61.09,66,21,3.6,few clouds
70,Rocha,UY,-34.4833,-54.3333,49.44,78,54,16.93,broken clouds
71,Kodiak,US,57.79,-152.4072,47.71,93,90,6.91,mist
72,Mahebourg,MU,-20.4081,57.7,74.25,79,3,16.33,clear sky
73,Nemuro,JP,43.3236,145.575,53.6,99,100,5.48,overcast clouds
74,Yellowknife,CA,62.456,-114.3525,60.57,51,99,11.01,overcast clouds
75,Tateyama,JP,34.9833,139.8667,73.15,89,100,9.24,overcast clouds
76,Wajima,JP,37.4,136.9,68.88,87,14,5.06,few clouds
77,Hasaki,JP,35.7333,140.8333,68.4,93,100,14.45,light rain
78,Torbay,CA,47.6666,-52.7314,74.88,77,99,13.87,overcast clouds
79,Nouadhibou,MR,20.931,-17.0347,68.95,81,6,30.76,clear sky
80,Namatanai,PG,-3.6667,152.4333,78.78,84,100,5.84,light rain
81,Airai,TL,-8.9266,125.4092,56.26,88,66,3.58,broken clouds
82,Yumen,CN,40.2833,97.2,75.49,25,21,2.8,few clouds
83,Kaitangata,NZ,-46.2817,169.8464,42.93,79,100,10.18,overcast clouds
84,Lumberton,US,34.6182,-79.0086,91.35,46,24,4.97,few clouds
85,Broome,US,42.2506,-75.833,88.02,57,20,3.0,few clouds
86,Bayangol,RU,50.6977,103.4656,46.58,96,75,3.56,broken clouds
87,Warri,NG,5.5167,5.75,77.45,85,99,6.02,overcast clouds
88,Banjar,ID,-8.19,114.9675,80.46,90,67,3.38,broken clouds
89,Zyryanka,RU,65.75,150.85,65.07,45,87,7.54,overcast clouds
90,Bubaque,GW,11.2833,-15.8333,78.08,83,84,9.6,broken clouds
91,Mataura,NZ,-46.1927,168.8643,41.49,95,100,11.34,light rain
92,Kapaa,US,22.0752,-159.319,73.72,83,75,8.05,broken clouds
93,Comodoro Rivadavia,AR,-45.8667,-67.5,51.66,43,0,8.05,clear sky
94,Kodinsk,RU,58.6881,99.1844,52.5,79,99,3.49,overcast clouds
95,Bethel,US,41.3712,-73.414,87.31,72,75,1.99,broken clouds
96,Sao Joao Da Barra,BR,-21.6403,-41.0511,80.69,62,15,17.9,few clouds
97,Jiwani,PK,25.05,61.7417,83.23,77,1,13.94,clear sky
98,Pochutla,MX,15.7432,-96.4661,84.81,55,100,4.21,overcast clouds
99,Ambilobe,MG,-13.2,49.05,70.2,72,39,3.47,scattered clouds
100,Upernavik,GL,72.7868,-56.1549,39.47,80,56,12.64,broken clouds
101,Kenai,US,60.5544,-151.2583,54.09,83,75,0.0,broken clouds
102,Sumenep,ID,-7.0167,113.8667,80.19,83,64,9.37,broken clouds
103,Tuktoyaktuk,CA,69.4541,-133.0374,46.44,97,99,8.03,light rain
104,Avarua,CK,-21.2078,-159.775,71.65,60,75,14.97,broken clouds
105,Latina,IT,41.45,13.1,94.93,36,30,1.01,scattered clouds
106,Bredasdorp,ZA,-34.5322,20.0403,58.28,73,94,1.99,overcast clouds
107,Mareeba,AU,-17.0,145.4333,66.92,89,59,2.06,broken clouds
108,Cabo San Lucas,MX,22.8909,-109.9124,96.8,40,1,16.11,clear sky
109,Aklavik,CA,68.2191,-135.0107,65.28,61,55,12.41,broken clouds
110,Hithadhoo,MV,-0.6,73.0833,82.85,71,95,5.84,overcast clouds
111,Trelew,AR,-43.249,-65.3051,47.89,52,64,12.35,broken clouds
112,Tukrah,LY,32.5341,20.5791,86.79,44,0,8.72,clear sky
113,Saint George,US,37.1041,-113.5841,96.8,18,1,3.0,clear sky
114,Thompson,CA,55.7435,-97.8558,69.28,40,85,9.04,overcast clouds
115,Egvekinot,RU,66.3167,-179.1667,38.62,83,97,4.63,overcast clouds
116,Huancavelica,PE,-12.7667,-74.9833,48.4,44,79,10.78,broken clouds
117,Cayenne,GF,4.9333,-52.3333,89.64,71,0,4.0,clear sky
118,Shenxian,CN,36.2411,115.6672,79.25,68,0,6.98,clear sky
119,Dongning,CN,44.0622,131.1207,63.95,92,100,2.06,overcast clouds
120,Omboue,GA,-1.5746,9.2618,75.22,84,100,8.37,overcast clouds
121,East London,ZA,-33.0153,27.9116,65.35,39,41,7.7,scattered clouds
122,Santa Cruz Del Sur,CU,20.7147,-77.9956,84.61,66,73,7.54,light rain
123,Yulara,AU,-25.2406,130.9889,46.24,61,46,6.91,scattered clouds
124,Haines Junction,CA,60.7522,-137.5108,64.74,56,48,2.89,scattered clouds
125,Port Alfred,ZA,-33.5906,26.891,63.43,44,28,10.71,scattered clouds
126,Sao Filipe,CV,14.8961,-24.4956,75.97,81,31,8.77,scattered clouds
127,Lloydminster,CA,53.2835,-110.0016,73.53,52,49,4.27,scattered clouds
128,Ponta Do Sol,PT,32.6667,-17.1,77.0,68,10,3.06,clear sky
129,George Town,MY,5.4112,100.3354,80.53,87,20,6.91,few clouds
130,Portland,US,45.5234,-122.6762,99.1,44,1,3.0,clear sky
131,Geraldton,AU,-28.7667,114.6,61.21,94,90,8.05,overcast clouds
132,Port Lincoln,AU,-34.7333,135.8667,53.38,86,5,8.19,clear sky
133,Tete,MZ,-16.1564,33.5867,80.69,29,0,4.61,clear sky
134,Noumea,NC,-22.2763,166.4572,72.0,99,31,8.95,scattered clouds
135,Laguna,US,38.421,-121.4238,99.64,55,1,9.22,clear sky
136,Ginda,IN,30.6945,78.4932,66.78,80,39,4.47,scattered clouds
137,Chandrapur,IN,19.95,79.3,79.09,87,97,10.67,overcast clouds
138,Port Hedland,AU,-20.3167,118.5667,62.65,88,75,5.75,broken clouds
139,Goure,NE,13.9835,10.2704,102.25,15,95,5.61,overcast clouds
140,Luderitz,NA,-26.6481,15.1594,56.62,74,1,1.88,clear sky
141,Abu Dhabi,AE,24.4667,54.3667,104.11,30,0,2.3,clear sky
142,Saint Anthony,US,45.0205,-93.218,77.92,74,90,1.99,overcast clouds
143,Patiya,BD,22.2931,91.9762,78.22,94,100,4.99,overcast clouds
144,Ossora,RU,59.2353,163.0719,45.14,93,96,6.06,overcast clouds
145,Vaini,TO,-21.2,-175.2,71.76,73,20,12.66,few clouds
146,Borogontsy,RU,62.6683,131.1683,62.35,62,69,2.91,broken clouds
147,Zhuanghe,CN,39.7008,122.9911,65.88,94,19,5.84,light rain
148,Ha Giang,VN,22.8333,104.9833,80.89,91,100,1.99,overcast clouds
149,Kibre Mengist,ET,5.8833,38.9833,62.71,78,100,1.05,overcast clouds
150,Lata,PT,40.1629,-8.3327,72.05,44,5,12.17,clear sky
151,Margate,GB,51.3813,1.3862,66.06,93,99,3.0,light rain
152,Norman Wells,CA,65.282,-126.8329,67.8,67,99,12.64,overcast clouds
153,Faanui,PF,-16.4833,-151.75,79.52,78,100,10.04,overcast clouds
154,Barrow,US,71.2906,-156.7887,44.62,72,20,17.27,few clouds
155,Nome,US,64.5011,-165.4064,53.67,83,90,11.5,light rain
156,Bluff,NZ,-46.6,168.3333,41.81,65,99,33.31,overcast clouds
157,Mount Gambier,AU,-37.8333,140.7667,42.71,100,1,5.75,clear sky
158,Oktyabrskoye,RU,43.0645,44.7417,75.34,78,40,6.71,scattered clouds
159,Kurilsk,RU,45.2333,147.8833,49.42,94,58,5.26,broken clouds
160,Kavaratti,IN,10.5669,72.642,81.86,79,90,15.61,overcast clouds
161,Bathsheba,BB,13.2167,-59.5167,88.41,55,40,20.71,scattered clouds
162,Abu Samrah,SY,35.3029,37.1841,90.75,27,0,13.44,clear sky
163,Touros,BR,-5.1989,-35.4608,86.9,62,27,19.1,scattered clouds
164,Codrington,AU,-38.2667,141.9667,44.02,90,0,6.87,clear sky
165,Staryy Nadym,RU,65.6118,72.6842,55.56,53,88,11.9,overcast clouds
166,Ferrol,ES,43.4832,-8.2369,65.35,70,45,15.05,scattered clouds
167,Conceicao Do Araguaia,BR,-8.2578,-49.2647,94.96,23,0,4.76,clear sky
168,Dalby,AU,-27.1833,151.2667,47.95,85,0,8.5,clear sky
169,Kamennogorsk,RU,60.9545,29.1339,74.21,69,100,5.06,overcast clouds
170,Qaanaaq,GL,77.484,-69.3632,38.66,81,98,2.26,overcast clouds
171,Sarkand,KZ,45.41,79.9186,59.22,44,42,6.33,scattered clouds
172,Alofi,NU,-19.0595,-169.9187,75.38,59,32,25.64,scattered clouds
173,Baft,IR,29.234,56.6057,73.92,8,5,8.79,clear sky
174,Wanaka,NZ,-44.7,169.15,42.12,99,92,1.99,overcast clouds
175,Lebu,CL,-37.6167,-73.65,50.29,54,0,11.65,clear sky
176,Arraial Do Cabo,BR,-22.9661,-42.0278,80.46,54,0,17.27,clear sky
177,College,US,64.8569,-147.8028,63.21,68,40,9.22,light rain
178,Capreol,CA,46.706,-80.9225,70.56,97,90,14.97,light rain
179,Kaya,BF,13.0917,-1.0844,97.75,29,9,3.2,clear sky
180,Leningradskiy,RU,69.3833,178.4167,42.58,77,93,2.86,overcast clouds
181,Angoche,MZ,-16.2325,39.9086,73.54,69,29,9.13,scattered clouds
182,Dhidhdhoo,MV,6.8833,73.1,82.76,74,100,11.9,overcast clouds
183,Portobelo,PA,9.55,-79.65,88.61,77,82,4.38,broken clouds
184,Labytnangi,RU,66.6572,66.4183,53.08,73,70,12.19,broken clouds
185,Padang,ID,-0.9492,100.3543,75.25,89,99,3.89,overcast clouds
186,Del Carmen,PH,9.8694,125.9697,81.91,74,100,5.99,overcast clouds
187,Yerbogachen,RU,61.2767,108.0108,52.34,78,83,5.95,broken clouds
188,Castro,BR,-24.7911,-50.0119,70.39,53,29,11.48,scattered clouds
189,Tautira,PF,-17.7333,-149.15,75.22,78,44,6.8,scattered clouds
190,Clarence Town,AU,-32.5833,151.7833,50.81,75,19,3.09,few clouds
191,Rio Bonito,BR,-22.7086,-42.6097,81.61,51,0,2.91,clear sky
192,Syracuse,IT,37.0881,15.2792,98.65,59,38,7.07,scattered clouds
193,Keti Bandar,PK,24.1447,67.4497,84.0,72,21,14.94,few clouds
194,Port Elizabeth,ZA,-33.918,25.5701,59.29,44,0,3.44,clear sky
195,Kiama,AU,-34.6833,150.8667,48.45,81,44,1.99,scattered clouds
196,Tahoua,NE,14.8888,5.2692,101.43,21,0,8.86,clear sky
197,Gusau,NG,12.1628,6.6614,91.63,38,52,12.55,broken clouds
198,Taoudenni,ML,22.6783,-3.9836,117.05,5,17,8.97,few clouds
199,Thinadhoo,MV,0.5333,72.9333,82.76,71,97,5.61,overcast clouds
200,Barbalha,BR,-7.3111,-39.3042,88.7,29,46,9.51,scattered clouds
201,Makakilo City,US,21.3469,-158.0858,77.32,72,20,3.44,light rain
202,Neryungri,RU,56.6709,124.6491,57.15,88,36,2.3,scattered clouds
203,Naze,JP,28.3667,129.4833,75.65,92,100,18.14,moderate rain
204,Bonnyville,CA,54.2668,-110.735,73.99,54,71,1.63,broken clouds
205,Almaznyy,RU,48.0448,40.045,77.14,78,72,6.76,broken clouds
206,Vardo,NO,70.3705,31.1107,60.55,77,0,10.36,clear sky
207,Sudak,UA,44.85,34.9667,75.22,82,28,4.54,scattered clouds
208,Baker City,US,44.7749,-117.8344,87.93,37,1,11.5,clear sky
209,Kallithea,GR,37.95,23.7,94.32,42,0,5.01,clear sky
210,Lowestoft,GB,52.4752,1.7516,68.92,83,26,19.08,scattered clouds
211,Coahuayana,MX,18.7333,-103.6833,78.28,98,100,6.35,overcast clouds
212,Lorengau,PG,-2.0226,147.2712,80.62,80,89,5.37,overcast clouds
213,Kumluca,TR,36.3703,30.2869,86.67,48,0,4.88,clear sky
214,Hirara,JP,24.8,125.2833,83.39,84,100,28.92,overcast clouds
215,Beloha,MG,-25.1667,45.05,64.58,91,0,5.59,clear sky
216,Praia,CV,14.9215,-23.5087,86.54,51,0,13.8,clear sky
217,Sola,VU,-13.8833,167.55,79.99,69,100,17.36,overcast clouds
218,Nanortalik,GL,60.1432,-45.2371,48.79,85,80,10.63,broken clouds
219,Kampot,KH,10.6167,104.1833,78.85,85,43,6.93,scattered clouds
220,Mercedes,AR,-34.6515,-59.4307,45.18,95,100,13.38,overcast clouds
221,Byron Bay,AU,-28.65,153.6167,57.15,77,12,9.33,few clouds
222,Axim,GH,4.8699,-2.2405,79.54,76,86,7.49,overcast clouds
223,Richards Bay,ZA,-28.783,32.0377,67.3,69,4,13.76,clear sky
224,Taungdwingyi,MM,20.0167,95.55,80.04,81,100,7.11,overcast clouds
225,Bezenchuk,RU,52.982,49.4333,77.99,64,15,4.59,few clouds
226,Ribeira Grande,PT,38.5167,-28.7,72.0,83,40,5.75,scattered clouds
227,Redlands,US,34.0556,-117.1825,107.87,24,1,3.44,clear sky
228,Pisco,PE,-13.7,-76.2167,66.02,77,90,6.91,overcast clouds
229,Pokaran,IN,26.9167,71.9167,93.43,38,30,16.11,scattered clouds
230,Tromso,NO,69.6496,18.957,57.85,50,40,28.77,scattered clouds
231,Bjornevatn,NO,69.6672,29.9847,59.34,72,75,11.5,broken clouds
232,Chokurdakh,RU,70.6333,147.9167,43.11,72,50,10.27,scattered clouds
233,Grand-Santi,GF,4.25,-54.3833,91.22,44,17,3.4,few clouds
234,Fortuna,US,40.5982,-124.1573,63.52,83,1,6.91,clear sky
235,Obidos,BR,-1.9175,-55.5181,91.6,43,8,5.79,clear sky
236,Mersing,MY,2.4312,103.8405,78.55,84,100,0.6,light rain
237,Micheweni,TZ,-4.9667,39.8333,75.4,79,7,10.96,clear sky
238,Gat,IL,31.61,34.7642,85.41,47,0,9.13,clear sky
239,Meulaboh,ID,4.1363,96.1285,77.38,86,94,3.04,overcast clouds
240,Kupang,ID,-10.1667,123.5833,77.86,79,61,13.33,broken clouds
241,Yar-Sale,RU,66.8333,70.8333,52.72,57,100,5.86,overcast clouds
242,Nikolskoye,RU,59.7035,30.7861,73.29,69,100,5.41,overcast clouds
243,Birjand,IR,32.8663,59.2211,77.09,12,0,7.81,clear sky
244,Sabang,ID,5.8933,95.3214,83.07,73,32,14.2,scattered clouds
245,Kavieng,PG,-2.5744,150.7967,80.73,78,100,5.03,light rain
246,Mirosi,RO,44.4167,24.9333,73.94,72,16,13.82,few clouds
247,Carnarvon,AU,-24.8667,113.6333,57.27,64,33,5.75,scattered clouds
248,Iskateley,RU,67.6803,53.1512,53.38,56,99,9.42,overcast clouds
249,Waipawa,NZ,-41.4122,175.5153,55.02,77,5,21.83,clear sky
250,Provideniya,RU,64.3833,-173.3,48.33,82,42,2.57,scattered clouds
251,Coihaique,CL,-45.5752,-72.0662,32.61,86,75,3.44,broken clouds
252,Rafraf,TN,37.1904,10.1837,84.51,65,68,16.2,broken clouds
253,Medianeira,BR,-25.2953,-54.0939,54.45,95,100,7.29,overcast clouds
254,Aban,RU,56.67,96.06,52.02,83,84,4.34,broken clouds
255,Santa Maria Del Oro,MX,25.9333,-105.3667,85.21,23,47,4.18,scattered clouds
256,Voskresenskoye,RU,56.8381,45.4317,75.38,71,87,2.75,overcast clouds
257,Vinstra,NO,61.5952,9.7523,73.0,56,94,8.21,overcast clouds
258,Concordia,AR,-31.393,-58.0209,51.87,55,40,11.01,scattered clouds
259,Luba,GQ,3.4568,8.5547,78.96,80,100,6.44,overcast clouds
260,Burns Lake,CA,54.2331,-125.7533,85.01,43,0,2.39,clear sky
261,Swan River,CA,52.1058,-101.2676,69.66,72,37,10.13,scattered clouds
262,Rincon,US,32.296,-81.2354,88.25,62,75,1.01,broken clouds
263,Fairbanks,US,64.8378,-147.7164,63.23,67,1,3.0,light rain
264,Annau,TM,37.8876,58.516,90.9,15,0,6.91,clear sky
265,Vilhena,BR,-12.7406,-60.1458,84.06,47,24,1.05,few clouds
266,Kapit,MY,2.0167,112.9333,73.22,99,96,0.83,light rain
267,Ambon,ID,-3.6954,128.1814,75.34,94,40,9.22,scattered clouds
268,Frome,GB,51.2283,-2.3221,66.61,88,100,7.34,overcast clouds
269,Tabas,IR,33.5959,56.9244,91.96,8,0,10.25,clear sky
270,Banepa,NP,27.6298,85.5214,67.51,92,85,1.43,overcast clouds
271,Mandalgovi,MN,45.7625,106.2708,74.91,27,97,9.42,overcast clouds
272,Matagami,CA,49.7502,-77.6328,61.0,98,100,6.49,heavy intensity rain
273,Ketchikan,US,55.3422,-131.6461,73.33,68,2,6.11,clear sky
274,Kruisfontein,ZA,-34.0033,24.7314,57.07,31,35,5.19,scattered clouds
275,Sibolga,ID,1.7427,98.7792,75.45,91,58,3.76,broken clouds
276,Flinders,AU,-34.5833,150.8552,48.25,82,37,6.04,scattered clouds
277,Okhotsk,RU,59.3833,143.3,48.65,93,18,5.46,few clouds
278,Jumla,NP,29.2747,82.1838,61.07,91,29,0.47,scattered clouds
279,Leamington,CA,42.0549,-82.6062,86.0,78,49,18.88,scattered clouds
280,Bundaberg,AU,-24.85,152.35,61.21,77,90,8.99,overcast clouds
281,Hue,VN,16.4667,107.6,87.91,62,20,3.44,few clouds
282,Viet Tri,VN,21.3019,105.4308,89.55,61,100,5.59,overcast clouds
283,Constitucion,CL,-35.3333,-72.4167,50.63,43,0,3.18,clear sky
284,Graham,US,47.0529,-122.2943,92.08,53,1,1.99,clear sky
285,Xai-Xai,MZ,-25.0519,33.6442,67.73,91,12,5.75,few clouds
286,Saint-Pierre,RE,-21.3393,55.4781,73.04,80,90,2.3,overcast clouds
287,Itanagar,IN,27.1,93.6167,76.75,90,98,3.98,overcast clouds
288,Mackay,AU,-21.15,149.2,63.68,74,82,14.7,broken clouds
289,Matamoros,MX,25.5333,-103.25,87.91,36,75,9.22,broken clouds
290,Labuhan,ID,-6.8844,112.2051,79.3,83,54,5.91,broken clouds
291,Berlevag,NO,70.8578,29.0864,60.6,97,100,0.58,light rain
292,Ilula,TZ,-7.6766,36.0366,56.05,77,5,5.95,clear sky
293,Asyut,EG,27.181,31.1837,98.53,14,0,13.85,clear sky
294,Myitkyina,MM,25.3833,97.4,74.5,99,100,1.48,light rain
295,Jijiga,ET,9.35,42.8,67.86,64,85,16.93,overcast clouds
296,Rosetta,EG,31.4044,30.4164,79.45,83,0,9.95,clear sky
297,Saquarema,BR,-22.92,-42.5103,80.64,63,0,8.55,clear sky
298,Dunblane,GB,56.1884,-3.9642,70.74,61,100,1.99,overcast clouds
299,Kudahuvadhoo,MV,2.6708,72.8944,82.87,69,68,7.61,broken clouds
300,Hofn,IS,64.2539,-15.2082,52.54,68,93,9.28,overcast clouds
301,Teguise,ES,29.0605,-13.564,73.62,57,20,21.85,few clouds
302,Maua,BR,-23.6678,-46.4614,78.6,50,4,10.38,clear sky
303,Leopold,AU,-38.1833,144.4667,47.84,94,17,3.38,few clouds
304,Soyo,AO,-6.1349,12.3689,75.09,80,63,8.63,broken clouds
305,Honiara,SB,-9.4333,159.95,76.41,86,100,6.62,overcast clouds
306,Russell,US,32.3502,-85.1999,87.08,67,40,4.61,scattered clouds
307,Maldonado,UY,-34.6667,-54.9167,47.59,84,90,17.45,overcast clouds
308,Sibu,MY,2.3,111.8167,73.83,99,100,1.05,overcast clouds
309,Severomuysk,RU,56.1481,113.4267,54.03,84,100,3.11,overcast clouds
310,Nuuk,GL,64.1835,-51.7216,45.21,100,90,2.3,fog
311,Dobrinka,RU,52.1653,40.4731,79.86,75,27,9.06,scattered clouds
312,Guerrero Negro,MX,27.9769,-114.0611,69.89,64,60,14.2,broken clouds
313,Knoxville,US,35.9606,-83.9207,89.11,59,40,5.75,scattered clouds
314,Biak,ID,-0.9131,122.8766,75.29,86,42,6.67,scattered clouds
315,Villamontes,BO,-21.25,-63.5,50.54,56,100,6.67,overcast clouds
316,New Norfolk,AU,-42.7826,147.0587,42.3,82,29,2.89,scattered clouds
317,Camana,PE,-16.6228,-72.7111,64.15,75,96,8.95,overcast clouds
318,Buala,SB,-8.145,159.5921,78.64,80,87,8.59,overcast clouds
319,Iqaluit,CA,63.7506,-68.5145,35.33,100,90,3.0,overcast clouds
320,Nyurba,RU,63.2842,118.3319,62.85,77,98,3.6,overcast clouds
321,Clyde River,CA,70.4692,-68.5914,34.03,93,90,17.27,light snow
322,Marawi,PH,7.9986,124.2928,63.64,92,100,3.38,overcast clouds
323,Ilulissat,GL,69.2167,-51.1,42.82,87,90,11.5,light rain
324,Kamenka,RU,51.3223,42.7678,76.82,63,64,8.63,broken clouds
325,Valdivia,CL,-39.8142,-73.2459,41.09,72,29,3.76,scattered clouds
326,Karabuk,TR,41.2049,32.6277,72.63,82,6,3.13,clear sky
327,Domoni,KM,-12.2569,44.5319,75.78,80,54,6.78,broken clouds
328,Caravelas,BR,-17.7125,-39.2481,77.11,49,56,8.57,broken clouds
329,Havre-Saint-Pierre,CA,50.2334,-63.5986,58.53,96,100,3.76,overcast clouds
330,Elizabeth City,US,36.2946,-76.2511,90.01,66,75,1.01,broken clouds
331,Palana,RU,59.1167,159.9667,43.5,84,11,2.84,few clouds
332,Tecoanapa,MX,16.5167,-98.75,80.49,66,100,3.0,overcast clouds
333,Avera,US,33.194,-82.5271,88.68,55,52,9.01,broken clouds
334,Qaqortoq,GL,60.7167,-46.0333,59.5,85,93,8.68,overcast clouds
335,Bengkulu,ID,-3.8004,102.2655,74.7,94,93,5.06,overcast clouds
336,Mar Del Plata,AR,-38.0023,-57.5575,53.01,68,40,4.0,scattered clouds
337,Esmeraldas,BR,-19.7625,-44.3139,74.26,26,5,5.77,clear sky
338,Bara,NG,10.3744,10.7288,85.5,57,93,8.79,overcast clouds
339,Oranzherei,RU,45.8476,47.5663,89.56,42,98,9.51,overcast clouds
340,Holsted,DK,55.5109,8.9187,66.9,67,100,8.9,overcast clouds
341,Grand Gaube,MU,-20.0064,57.6608,74.37,77,38,5.99,scattered clouds
342,Port Macquarie,AU,-31.4333,152.9167,46.38,78,0,7.09,clear sky
343,Severo-Kurilsk,RU,50.6789,156.125,44.08,90,59,14.58,broken clouds
344,Baykit,RU,61.67,96.37,49.91,81,84,1.59,broken clouds
345,Najran,SA,17.4924,44.1277,87.75,19,84,6.02,broken clouds
346,Jawhar,SO,2.7809,45.5005,76.19,75,98,13.51,overcast clouds
347,Abong Mbang,CM,3.9833,13.1833,72.68,90,100,2.77,overcast clouds
348,Houma,US,29.5958,-90.7195,86.0,91,94,13.35,overcast clouds
349,Garfield Heights,US,41.417,-81.606,88.21,67,75,5.99,broken clouds
350,Villeta,CO,5.0089,-74.4723,86.61,80,31,3.42,scattered clouds
351,Westport,US,41.1415,-73.3579,89.85,78,1,1.99,clear sky
352,Peleduy,RU,59.6289,112.7406,56.23,97,100,5.19,moderate rain
353,Kloulklubed,PW,7.0419,134.2556,83.37,70,80,3.8,broken clouds
354,Balbalan,PH,17.4414,121.2019,64.63,92,97,3.87,overcast clouds
355,Sura,RU,53.8879,45.7419,75.7,78,73,3.24,broken clouds
356,Dunedin,NZ,-45.8742,170.5036,40.8,81,100,25.01,light rain
357,Kuzovatovo,RU,53.5468,47.6866,75.54,70,57,1.61,broken clouds
358,Coquimbo,CL,-29.9533,-71.3436,60.53,63,0,8.05,clear sky
359,Konstantinovka,RU,49.6167,127.9833,65.79,88,32,5.28,scattered clouds
360,Souillac,MU,-20.5167,57.5167,74.35,82,2,14.43,clear sky
361,Ostrovnoy,RU,68.0531,39.5131,59.34,63,94,14.0,overcast clouds
362,Talnakh,RU,69.4865,88.3972,50.13,83,93,5.57,overcast clouds
363,Paita,PE,-5.0892,-81.1144,73.96,70,16,10.65,few clouds
364,Maningrida,AU,-12.0667,134.2667,66.72,82,67,9.66,broken clouds
365,Gravdal,NO,68.1214,13.5031,53.49,66,75,18.41,broken clouds
366,Huai Yot,TH,7.7893,99.6348,75.56,94,86,1.48,overcast clouds
367,Yerkoy,TR,39.6381,34.4672,75.88,51,41,8.34,scattered clouds
368,Pangody,RU,65.85,74.4859,54.16,52,72,7.27,broken clouds
369,Burnie,AU,-41.0667,145.9167,43.92,87,1,6.76,clear sky
370,Kutum,SD,14.2,24.6667,88.3,25,73,22.32,broken clouds
371,Grindavik,IS,63.8424,-22.4338,51.57,93,90,13.8,light intensity drizzle
372,Ugoofaaru,MV,5.6667,73.0,81.48,75,100,9.84,heavy intensity rain
373,Carlsbad,US,33.1581,-117.3506,94.84,74,1,3.0,clear sky
374,Cabra,ES,37.4725,-4.4421,90.84,29,0,4.0,clear sky
375,Nanga Eboko,CM,4.6833,12.3667,71.73,97,100,2.35,overcast clouds
376,Le Port,RE,-20.9373,55.2919,73.36,94,11,5.37,few clouds
377,Carahue,CL,-38.7,-73.1667,48.4,51,1,3.13,clear sky
378,Inuvik,CA,68.3499,-133.7218,57.4,69,58,14.72,broken clouds
379,Beitbridge,ZW,-22.2167,30.0,70.47,29,0,5.99,clear sky
380,Karratha,AU,-20.7377,116.8463,66.0,67,5,5.35,clear sky
381,Dongsheng,CN,39.8161,109.9776,76.55,26,80,8.43,broken clouds
382,Manzanillo,CU,20.3433,-77.1167,86.2,60,88,1.43,overcast clouds
383,Uvalde,US,29.3669,-99.767,88.41,43,75,6.91,broken clouds
384,Lagoa,PT,39.05,-27.9833,67.59,88,47,12.57,scattered clouds
385,Hovd,MN,48.0056,91.6419,48.99,82,100,11.36,overcast clouds
386,High Level,CA,58.5169,-117.136,79.47,40,38,7.72,scattered clouds
387,Lompoc,US,34.6391,-120.4579,95.13,85,90,10.36,overcast clouds
388,Sinnamary,GF,5.3833,-52.95,81.99,74,23,7.31,few clouds
389,Kyaikkami,MM,16.08,97.5675,81.16,85,99,9.98,light rain
390,Sabha,LY,27.0377,14.4283,102.76,8,0,18.28,clear sky
391,Saint-Joseph,RE,-21.3667,55.6167,71.96,81,21,7.7,few clouds
392,Lianzhou,CN,24.7811,112.3825,77.4,97,99,2.73,overcast clouds
393,Isangel,VU,-19.55,169.2667,72.82,85,69,9.26,broken clouds
394,Ust-Kan,RU,50.9276,84.761,46.0,88,91,2.3,overcast clouds
395,Barra Do Garcas,BR,-15.89,-52.2567,91.29,17,0,3.6,clear sky
396,Licheng,CN,23.2955,113.8284,84.13,91,100,2.86,light rain
397,Parit Buntar,MY,5.1267,100.4932,80.58,88,100,2.89,overcast clouds
398,Yeppoon,AU,-23.1333,150.7333,58.78,78,94,10.27,overcast clouds
399,Itacoatiara,BR,-3.1431,-58.4442,91.45,45,71,4.38,broken clouds
400,Imeni Poliny Osipenko,RU,52.4201,136.4853,55.33,90,100,3.2,overcast clouds
401,Sakmara,RU,51.9844,55.3338,80.62,59,46,3.94,scattered clouds
402,Lavrentiya,RU,65.5833,-171.0,45.66,88,42,4.0,scattered clouds
403,Marystown,CA,47.1666,-55.1483,60.71,84,100,17.85,overcast clouds
404,Olafsvik,IS,64.8945,-23.7142,49.71,93,100,6.24,overcast clouds
405,Viedma,AR,-40.8135,-62.9967,49.51,51,90,20.29,overcast clouds
406,Sharan,RU,54.8167,54.0,71.37,81,46,3.13,scattered clouds
407,Lakes Entrance,AU,-37.8811,147.981,44.19,86,88,4.99,overcast clouds
408,Felipe Carrillo Puerto,MX,19.5833,-88.05,85.57,70,95,4.32,overcast clouds
409,Kulhudhuffushi,MV,6.6221,73.07,82.85,73,100,10.56,overcast clouds
410,Bullhead City,US,35.1478,-114.5683,107.02,13,20,19.57,few clouds
411,Santa Rosa De Osos,CO,6.6474,-75.4603,66.52,79,57,2.86,broken clouds
412,Cap-Aux-Meules,CA,47.3821,-61.8597,61.63,97,100,24.79,light rain
413,Havelock,US,34.8791,-76.9013,88.03,73,39,3.0,scattered clouds
414,Conde,BR,-7.2597,-34.9075,80.06,74,40,16.11,scattered clouds
415,San Quintin,MX,30.4833,-115.95,70.52,66,16,7.76,few clouds
416,Bud,US,39.447,-86.1758,87.22,71,9,15.19,clear sky
417,Ola,RU,59.5833,151.2833,51.69,86,20,1.3,light rain
418,Porbandar,IN,21.6422,69.6093,85.82,66,35,15.82,scattered clouds
419,Hami,CN,42.8,93.45,73.69,27,65,19.8,broken clouds
420,Xining,CN,36.6167,101.7667,62.06,79,71,3.27,moderate rain
421,Rochester,US,43.1548,-77.6156,90.72,54,75,1.01,broken clouds
422,Puerto Madryn,AR,-42.7692,-65.0385,47.82,58,65,16.11,broken clouds
423,Necochea,AR,-38.5473,-58.7368,50.04,61,49,13.18,scattered clouds
424,Roald,NO,62.5833,6.1333,65.12,82,40,19.57,scattered clouds
425,Kaniama,CD,-7.5667,24.1833,74.71,27,37,1.1,scattered clouds
426,Arlit,NE,18.7369,7.3853,106.05,6,0,16.67,clear sky
427,Hambantota,LK,6.1241,81.1185,80.08,79,100,14.85,overcast clouds
428,Nalut,LY,30.3333,10.85,104.95,7,47,13.13,scattered clouds
429,Auki,SB,-8.7676,160.7034,75.36,81,69,4.97,light rain
430,Narrabri,AU,-30.3167,149.7833,40.51,89,0,3.0,clear sky
431,Pangnirtung,CA,66.1451,-65.7125,37.18,89,100,2.77,overcast clouds
432,Evensk,RU,61.95,159.2333,54.9,78,82,1.68,broken clouds
433,Port Blair,IN,11.6667,92.75,82.31,75,27,11.95,scattered clouds
434,Kenora,CA,49.8167,-94.4337,73.78,49,8,5.01,clear sky
435,Manica,FR,49.0,-1.1667,65.61,91,87,6.64,overcast clouds
436,Acapulco,MX,16.8634,-99.8901,80.42,74,90,2.3,overcast clouds
437,Malakal,SS,9.5334,31.6605,83.98,61,61,5.35,broken clouds
438,Moyale,KE,3.5167,39.0584,74.01,45,100,13.06,overcast clouds
439,Saint-Leu,RE,-21.15,55.2833,72.43,94,6,4.23,clear sky
440,Osa,RU,57.2829,55.4567,69.17,66,6,2.21,clear sky
441,Espinosa,BR,-14.9261,-42.8192,83.28,24,1,6.87,clear sky
442,Severnyy,RU,50.677,36.5532,82.44,61,68,11.18,broken clouds
443,Itarema,BR,-2.9248,-39.9167,86.18,56,76,11.74,broken clouds
444,Lasa,IT,46.6166,10.7002,78.71,82,98,1.1,overcast clouds
445,San Vicente,AR,-26.6167,-54.1333,45.73,99,100,3.49,light rain
446,Sarh,TD,9.1429,18.3923,71.29,91,81,8.43,heavy intensity rain
447,Valparaiso,CL,-33.0393,-71.6273,64.63,38,0,5.75,clear sky
448,Fayaoue,NC,-20.65,166.5333,75.15,73,64,13.38,broken clouds
449,Puerto Del Rosario,ES,28.5004,-13.8627,76.68,69,20,19.57,few clouds
450,Akdagmadeni,TR,39.6603,35.8836,64.35,75,17,6.62,few clouds
451,Zhanakorgan,KZ,43.9098,67.2495,83.26,17,0,10.71,clear sky
452,Poum,NC,-20.2333,164.0167,74.14,75,99,11.74,overcast clouds
453,Alvinopolis,BR,-20.1067,-43.0489,75.6,40,15,6.93,few clouds
454,Klaksvik,FO,62.2266,-6.589,52.72,74,47,5.26,scattered clouds
455,Macamic,CA,48.7502,-78.9996,64.63,98,100,10.96,light rain
456,Bayshore Gardens,US,27.4253,-82.5904,92.98,50,40,12.66,scattered clouds
457,Araouane,ML,18.9048,-3.5265,111.51,6,1,7.34,clear sky
458,Butembo,CD,0.15,29.2833,62.31,64,74,3.58,broken clouds
459,Nerchinskiy Zavod,RU,51.3088,119.61,59.2,93,95,3.09,overcast clouds
460,Atambua,ID,-9.1061,124.8925,70.92,88,46,5.75,scattered clouds
461,Maneadero,MX,31.7167,-116.5667,64.09,87,26,5.01,scattered clouds
462,Anadyr,RU,64.75,177.4833,41.0,86,74,11.01,broken clouds
463,Kathmandu,NP,27.7167,85.3167,68.79,92,54,1.05,broken clouds
464,Pontian Kecil,MY,1.4801,103.3899,78.93,84,100,1.97,overcast clouds
465,Dicabisagan,PH,17.0818,122.4157,76.98,86,75,4.25,broken clouds
466,Victoria,HK,22.2855,114.1577,86.38,88,100,1.99,overcast clouds
467,Sokoni,TZ,-6.4333,39.55,76.87,73,16,14.07,few clouds
468,Tuatapere,NZ,-46.1333,167.6833,41.83,84,100,19.53,overcast clouds
469,Nabire,ID,-3.3667,135.4833,74.53,91,12,3.74,few clouds
470,Rorvik,NO,64.8621,11.2373,57.18,76,75,13.8,broken clouds
471,Edea,CM,3.8,10.1333,77.36,91,100,3.29,light rain
472,Rodrigues Alves,BR,-7.738,-72.6509,92.52,43,22,1.74,few clouds
473,Muros,ES,42.7762,-9.0603,68.5,68,6,12.55,clear sky
474,Port Hardy,CA,50.6996,-127.4199,69.4,74,0,2.46,clear sky
475,Balakhta,RU,55.38,91.6,49.66,93,92,4.56,overcast clouds
476,Ville-Marie,CA,47.3335,-79.433,66.2,98,100,3.09,moderate rain
477,La Palma,US,33.8464,-118.0467,98.65,68,20,1.01,few clouds
478,Vicente Guerrero,MX,19.1194,-98.1708,58.39,64,100,7.99,overcast clouds
479,Kazachinskoye,RU,57.6953,93.2761,52.45,98,96,5.39,overcast clouds
480,Rey Bouba,CM,8.6724,14.1786,82.9,63,83,10.22,light rain
481,Nyeri,KE,-0.4201,36.9476,56.07,95,70,3.94,broken clouds
482,Port Lavaca,US,28.615,-96.6261,89.58,83,75,4.61,broken clouds
483,Katsuura,JP,35.1333,140.3,72.1,91,100,11.45,overcast clouds
484,Bam,IR,29.106,58.357,90.52,9,1,8.72,clear sky
485,Xaxim,BR,-26.9617,-52.5347,48.4,96,100,3.33,light rain
486,Impfondo,CG,1.6381,18.0667,77.25,70,74,1.05,broken clouds
487,Omsukchan,RU,62.5333,155.8,57.43,55,95,1.72,overcast clouds
488,Ngunguru,NZ,-35.6167,174.5,56.16,83,100,9.33,overcast clouds
489,Praia Da Vitoria,PT,38.7333,-27.0667,71.85,83,75,11.36,broken clouds
490,Kuusamo,FI,65.9667,29.1833,62.64,82,0,13.8,clear sky
491,Pahrump,US,36.2083,-115.9839,100.06,14,1,5.01,clear sky
492,Constantine,DZ,36.365,6.6147,83.37,51,13,13.98,few clouds
493,Hamilton,US,39.1834,-84.5333,88.72,65,40,1.01,scattered clouds
494,Orlik,RU,52.5178,99.825,51.96,82,100,1.03,light rain
495,Ahipara,NZ,-35.1667,173.1667,58.84,88,100,11.7,overcast clouds
496,Virginia Beach,US,36.8529,-75.978,90.09,65,40,13.8,scattered clouds
497,Hobyo,SO,5.3505,48.5268,78.19,82,77,23.2,broken clouds
498,Ribas Do Rio Pardo,BR,-20.4431,-53.7592,92.01,20,12,12.66,few clouds
499,Kontagora,NG,10.3999,5.4695,84.04,56,100,5.26,overcast clouds
500,Bogashevo,RU,56.3683,85.1447,57.04,94,0,8.95,clear sky
501,Igrim,RU,63.1906,64.4162,64.47,57,96,2.48,overcast clouds
502,Fare,PF,-16.7,-151.0167,80.29,75,99,10.87,overcast clouds
503,General Pico,AR,-35.6566,-63.7568,46.89,57,50,18.92,light rain
504,Rudnaya Pristan,RU,44.3614,135.8116,58.98,93,85,1.63,overcast clouds
505,Alferrarede,PT,39.4833,-8.1667,80.98,53,75,5.01,broken clouds
506,La Ronge,CA,55.1001,-105.2842,69.06,46,7,6.93,clear sky
507,Sarakhs,IR,36.5449,61.1577,87.12,11,0,8.86,clear sky
508,Komsomolskiy,UZ,40.4272,71.7189,83.62,20,1,4.68,clear sky
509,Chissamba,AO,-12.1667,17.3333,66.99,29,56,4.25,broken clouds
510,Ndele,CF,8.4109,20.6473,72.91,81,85,4.0,overcast clouds
511,Yazd,IR,31.8972,54.3675,87.4,9,0,5.06,clear sky
512,Sudogda,RU,55.9539,40.8629,78.1,72,83,1.25,broken clouds
513,Ngerengere,TZ,-6.75,38.1167,73.71,67,87,5.53,overcast clouds
514,Oranjemund,NA,-28.55,16.4333,56.12,77,0,3.47,clear sky
515,Katete,UG,-0.7818,29.7544,67.93,49,66,4.74,broken clouds
516,Maragogi,BR,-9.0122,-35.2225,77.68,71,86,14.52,overcast clouds
517,Kadnikov,RU,59.5022,40.338,76.15,66,75,0.94,broken clouds
518,Sobolevo,RU,54.4299,31.8996,67.39,97,95,6.91,overcast clouds
519,Itaqui,BR,-29.1253,-56.5531,51.17,62,100,13.65,overcast clouds
520,Kristinehamn,SE,59.3098,14.1081,69.04,61,79,6.69,broken clouds
521,Tual,ID,-5.6667,132.75,81.34,79,18,18.16,few clouds
522,Ottumwa,US,41.02,-92.4113,77.95,74,75,1.01,broken clouds
523,Tsiroanomandidy,MG,-18.7667,46.0333,63.43,48,3,1.97,clear sky
524,Ancud,CL,-41.8697,-73.8203,49.23,70,59,4.54,broken clouds
525,Shakhtinsk,KZ,49.71,72.5872,66.76,67,87,8.84,overcast clouds
526,Marivan,IR,35.5219,46.176,78.13,16,2,1.77,clear sky
527,Dubovskoye,RU,47.4092,42.7575,81.48,62,6,8.68,clear sky
528,Kilindoni,TZ,-7.9139,39.6668,77.29,70,8,12.97,clear sky
529,Osecina,RS,44.3731,19.6014,83.01,64,6,2.62,clear sky
530,Salalah,OM,17.0151,54.0924,80.69,94,75,9.22,broken clouds
531,Anchorage,US,61.2181,-149.9003,55.98,74,90,3.0,overcast clouds
532,Rauma,FI,61.1272,21.5113,60.84,66,64,7.87,broken clouds
533,Kuji,JP,40.1878,141.7689,63.14,97,100,1.21,overcast clouds
534,Bonavista,CA,48.6499,-53.1147,61.97,80,100,18.43,overcast clouds
535,Rosarito,MX,32.3333,-117.0333,82.98,72,30,6.02,scattered clouds
536,Bogande,BF,12.9714,-0.1436,98.13,29,2,4.97,clear sky
537,Deputatskiy,RU,69.3,139.9,55.92,77,74,2.55,light rain
538,Launceston,AU,-41.45,147.1667,38.16,97,0,1.01,clear sky
539,Natal,BR,-5.795,-35.2094,86.65,58,40,13.8,scattered clouds
540,Sorland,NO,67.667,12.6934,53.67,88,98,27.67,overcast clouds
541,Colares,PT,38.7992,-9.4469,71.33,58,20,13.8,few clouds
542,Kailahun,SL,8.2833,-10.5667,76.82,93,90,1.97,moderate rain
543,Hobe Sound,US,27.0595,-80.1364,88.93,75,40,11.5,scattered clouds
544,Finnsnes,NO,69.2296,17.9811,57.81,60,81,22.62,broken clouds
545,Ahuimanu,US,21.4447,-157.8378,78.51,71,75,8.05,light rain
546,Havre,FR,49.5833,0.3333,66.63,88,90,5.75,light rain
547,Sainte-Maxime,FR,43.3,6.6333,88.72,68,81,3.06,broken clouds
548,Blackwater,AU,-23.5833,148.8833,49.71,56,0,9.42,clear sky
549,Merauke,ID,-8.4667,140.3333,76.03,89,43,12.01,scattered clouds
550,Cascais,PT,38.6979,-9.4215,71.51,59,20,10.0,few clouds
551,Bay Saint Louis,US,30.3088,-89.33,87.89,72,75,18.41,broken clouds
552,Vestmanna,FO,62.1564,-7.1664,50.92,87,90,8.05,overcast clouds
553,Kalabo,ZM,-14.97,22.6814,67.17,27,48,2.3,scattered clouds
554,Farafangana,MG,-22.8167,47.8333,69.4,86,0,7.56,light rain
555,Dudinka,RU,69.4058,86.1778,52.2,55,92,13.06,overcast clouds
556,Kysyl-Syr,RU,63.8986,122.7617,64.9,68,91,4.41,overcast clouds
557,Muisne,EC,0.6,-80.0333,82.51,75,78,6.02,broken clouds
558,Hualmay,PE,-11.0964,-77.6139,67.15,69,86,9.51,overcast clouds
559,Sal Rei,CV,16.1833,-22.9167,79.36,69,40,17.27,scattered clouds
560,Veracruz,MX,19.3333,-96.6667,77.27,72,100,3.65,overcast clouds
561,Darnah,LY,32.767,22.6367,83.98,55,0,13.58,clear sky
562,Bandarbeyla,SO,9.4942,50.8122,77.77,82,59,28.79,broken clouds
563,Rawson,AR,-43.3002,-65.1023,47.39,58,57,13.96,broken clouds
564,Tuy Hoa,VN,13.0833,109.3,78.53,83,62,5.61,broken clouds
565,Victor Harbor,AU,-35.5667,138.6167,53.47,93,25,4.5,scattered clouds
566,Jiamusi,CN,46.8333,130.35,65.46,83,28,2.64,scattered clouds
567,Tigil,RU,57.8,158.6667,50.29,75,97,1.7,overcast clouds
568,Boliqueime,PT,37.1372,-8.1582,75.72,37,0,15.84,clear sky
569,Hvide Sande,DK,56.0045,8.1294,64.98,71,99,12.8,overcast clouds
570,Sosnogorsk,RU,63.6023,53.8817,65.5,56,59,4.23,broken clouds
571,Mpika,ZM,-11.8343,31.4529,56.77,55,16,1.88,few clouds
572,Tevaitoa,PF,-16.7833,-151.5,80.46,75,100,11.48,overcast clouds
573,Indianola,US,41.3581,-93.5574,79.88,67,55,3.36,broken clouds
574,Aykhal,RU,66.0,111.5,55.45,70,43,7.96,scattered clouds
575,Zheleznodorozhnyy,RU,55.7503,38.0042,78.98,62,37,7.56,scattered clouds
576,Reo,BF,12.3167,-2.4667,96.78,31,16,2.93,few clouds
577,Sakakah,SA,29.9697,40.2064,99.91,10,0,10.18,clear sky
578,Frutal,BR,-20.0247,-48.9406,86.09,17,0,7.7,clear sky
579,Rinconada,MX,19.35,-96.5167,80.65,64,100,4.92,overcast clouds
580,Kitimat,CA,54.0524,-128.6534,87.82,53,0,1.7,clear sky
581,Sungaipenuh,ID,-2.0833,101.3833,64.11,98,99,1.68,overcast clouds
582,Novo Oriente,BR,-5.5344,-40.7742,93.04,25,36,6.17,scattered clouds
583,Bereda,ES,43.2686,-7.5406,65.41,60,43,8.52,scattered clouds
584,Nizhniy Odes,RU,63.6445,54.856,63.73,60,53,3.87,broken clouds
585,Kolpashevo,RU,58.3131,82.9089,58.66,53,100,2.24,overcast clouds
586,Lisakovsk,KZ,52.5369,62.4936,72.18,69,28,8.34,scattered clouds
587,Ceyranbatan,AZ,40.5408,49.6597,78.51,30,0,4.7,clear sky
588,Macenta,GN,8.5435,-9.471,85.24,54,37,3.74,scattered clouds
589,San Policarpo,PH,12.1791,125.5072,81.37,78,61,4.29,broken clouds
590,Dwarka,IN,22.2394,68.9678,84.65,70,6,15.95,clear sky
591,Agua Dulce,MX,18.1333,-94.1333,89.38,70,100,3.15,overcast clouds
592,Doha,QA,25.2867,51.5333,98.91,75,0,5.75,clear sky
593,Gazojak,TM,41.1875,61.4036,92.26,17,15,10.51,few clouds
594,Ha Tinh,VN,18.3333,105.9,85.98,62,100,7.34,overcast clouds
595,Selma,US,36.5708,-119.6121,99.03,43,1,5.75,clear sky
596,Massakory,TD,12.996,15.7293,96.87,27,9,12.59,clear sky
597,Moffat,GB,55.3323,-3.4454,69.78,67,99,0.81,overcast clouds
598,Shitkino,RU,56.3703,98.3543,53.28,96,100,4.16,light rain
599,Adrar,MR,20.5022,-10.0711,110.71,6,34,8.28,scattered clouds
600,Lubango,AO,-14.9172,13.4925,61.48,29,3,7.34,clear sky
601,Kurumkan,RU,54.3,110.3,61.81,89,71,3.29,light rain
602,Svirstroy,RU,60.7999,33.7248,74.39,61,44,3.91,scattered clouds
603,Nijar,ES,36.9665,-2.206,86.88,73,0,11.5,clear sky
604,Tiznit,MA,29.5833,-9.5,78.78,42,0,9.66,clear sky
605,Pauini,BR,-7.7136,-66.9764,93.22,41,14,3.27,few clouds
606,Polson,US,47.6936,-114.1632,82.11,49,5,1.34,clear sky
607,Turkistan,KZ,43.0,68.0,83.97,14,0,14.65,clear sky
608,Clacton-On-Sea,GB,51.7897,1.156,70.79,91,77,8.99,broken clouds
609,Polunochnoye,RU,60.8697,60.4153,64.42,69,90,3.24,overcast clouds
610,Bac Lieu,VN,9.285,105.7244,82.98,76,46,10.13,scattered clouds
611,Antequera,ES,37.0194,-4.5612,88.77,16,0,16.31,clear sky
612,Carora,VE,10.1755,-70.0827,93.76,33,76,11.61,broken clouds
613,Udachnyy,RU,66.4167,112.4,58.46,65,51,7.2,broken clouds
614,Sosnovo-Ozerskoye,RU,52.5249,111.5418,61.84,66,48,6.46,scattered clouds
615,Parnarama,BR,-5.6817,-43.0933,95.09,27,9,4.88,clear sky
616,Austin,US,30.2672,-97.7431,91.33,65,40,0.0,scattered clouds
617,Vokhma,RU,58.9303,46.7586,75.69,71,62,1.72,broken clouds
618,Te Anau,NZ,-45.4167,167.7167,37.99,82,88,8.57,overcast clouds
619,Eyl,SO,7.9803,49.8164,78.71,79,38,22.41,scattered clouds
620,Nizwa,OM,22.9333,57.5333,88.86,36,47,3.13,scattered clouds
621,Livenka,RU,50.4491,38.2959,78.15,77,86,6.93,overcast clouds
622,Erenhot,CN,43.6475,111.9767,75.29,42,30,8.52,scattered clouds
623,Faya,SA,18.3851,42.4509,72.12,58,92,6.06,overcast clouds
624,Sorong,ID,-0.8833,131.25,77.34,88,63,5.93,light rain
625,Brae,GB,60.3964,-1.353,53.51,81,84,14.25,broken clouds
626,Kushiro,JP,42.975,144.3747,56.62,96,82,3.67,broken clouds
627,Mogadouro,PT,41.3403,-6.7119,68.79,25,73,13.56,broken clouds
628,Humaita,BR,-7.5061,-63.0208,95.09,41,31,0.72,scattered clouds
629,Santa Vitoria Do Palmar,BR,-33.5189,-53.3681,51.48,72,63,16.06,broken clouds
630,Kon Tum,VN,14.35,108.0,71.89,90,46,0.43,scattered clouds
631,Raipur,IN,21.2333,81.6333,89.6,58,95,4.83,overcast clouds
632,Birao,CF,10.2849,22.7882,76.59,72,98,10.89,overcast clouds
633,Quatre Cocos,MU,-20.2078,57.7625,74.08,79,16,15.88,few clouds
634,Mbanza-Ngungu,CD,-5.25,14.8667,77.94,53,46,5.7,scattered clouds
635,Vila,PT,42.0304,-8.1588,60.75,57,33,8.97,scattered clouds
636,Calvinia,ZA,-31.4707,19.776,51.85,40,2,5.59,clear sky
637,Belyy Yar,RU,53.6039,91.3903,51.69,93,0,4.47,clear sky
638,Vila Velha,BR,-20.3297,-40.2925,76.95,61,40,9.22,scattered clouds
639,Carauari,BR,-4.8828,-66.8958,92.66,44,8,3.18,clear sky
640,Varkaus,FI,62.3153,27.873,71.31,65,100,3.62,overcast clouds
641,Marathon,US,44.9,-89.7668,73.24,70,90,4.61,overcast clouds
642,Kasempa,ZM,-13.4584,25.8338,63.52,32,55,4.12,broken clouds
643,Shingu,JP,33.7333,135.9833,69.91,92,63,5.14,broken clouds
644,Sol-Iletsk,RU,51.1631,54.9918,75.79,50,76,6.24,broken clouds
645,Anamur,TR,36.0751,32.8369,87.82,55,13,9.8,few clouds
646,Sisimiut,GL,66.9395,-53.6735,41.18,96,100,4.43,light rain
647,Mackenzie,CA,55.2999,-123.1698,85.39,37,1,3.33,clear sky
648,Lincoln,US,40.8,-96.667,81.28,65,40,1.01,scattered clouds
649,Karakol,KG,42.4907,78.3936,58.33,45,5,3.2,clear sky
650,Dubovka,RU,49.0583,44.829,90.55,60,89,10.27,overcast clouds
651,Palauig,PH,15.435,119.9045,81.18,80,91,3.62,overcast clouds
652,Tawang,IN,27.5833,91.8667,57.69,98,99,1.41,overcast clouds
653,Buin,CL,-33.7333,-70.75,54.05,22,0,0.56,clear sky
654,Morgan City,US,29.6994,-91.2068,83.03,88,20,11.5,few clouds
655,Cockburn Town,TC,21.4612,-71.1419,81.45,77,4,12.5,clear sky
656,Shirokiy,RU,49.758,129.523,64.44,88,61,3.71,broken clouds
657,Anori,BR,-3.7728,-61.6442,90.72,50,42,3.47,scattered clouds
658,Mount Isa,AU,-20.7333,139.5,53.37,50,97,10.36,overcast clouds
659,Dubbo,AU,-32.25,148.6167,37.53,93,0,5.75,clear sky
660,Chum Phae,TH,16.5443,102.0992,78.42,83,98,4.05,overcast clouds
661,Wewak,PG,-3.5534,143.6268,78.87,85,68,4.27,broken clouds
662,Vidim,RU,56.4088,103.1106,51.44,77,39,2.26,scattered clouds
663,Chernyshevsk,RU,52.5243,117.0174,60.8,91,98,2.57,overcast clouds
664,Maumere,ID,-8.6199,122.2111,78.57,81,100,2.57,overcast clouds
665,Luganville,VU,-15.5333,167.1667,76.17,83,83,11.61,broken clouds
666,Sinjar,IQ,36.3209,41.8754,97.9,13,9,11.01,clear sky
667,Smrzovka,CZ,50.7382,15.2464,73.18,53,98,0.74,overcast clouds
668,Vao,NC,-22.6667,167.4833,73.35,73,96,14.38,overcast clouds
669,Qeshm,IR,26.9581,56.2719,91.27,81,0,8.25,clear sky
670,Kafue,ZM,-15.7691,28.1814,64.06,40,28,5.66,scattered clouds
671,Shumskiy,RU,54.8318,99.1328,53.78,98,100,3.4,moderate rain
672,Inongo,CD,-1.95,18.2667,77.16,55,69,1.97,broken clouds
673,Arman,RU,59.7,150.1667,54.39,81,62,3.51,broken clouds
674,Villa Maria,AR,-32.4075,-63.2402,49.82,50,6,23.49,clear sky
675,Southbridge,US,42.0751,-72.0334,88.34,73,100,12.64,overcast clouds
676,Vrangel,RU,42.7297,133.0839,59.74,94,9,5.57,clear sky
677,Deming,US,32.2687,-107.7586,85.24,28,1,13.8,clear sky
678,Megion,RU,61.0296,76.1136,57.22,54,98,5.28,overcast clouds
679,Awbari,LY,26.5921,12.7805,102.65,7,0,14.09,clear sky
680,Lipari,IT,38.4674,14.954,90.09,70,56,7.65,broken clouds
681,Ilinskiy,RU,55.619,38.1182,79.14,65,0,8.95,clear sky
682,Voloshka,RU,61.3314,40.0858,73.31,82,25,1.12,scattered clouds
683,Mbinga,TZ,-10.9333,35.0167,57.0,61,4,3.29,clear sky
684,Ranong,TH,9.9658,98.6348,79.92,84,28,7.23,scattered clouds
685,Olovyannaya,RU,50.95,115.5667,62.33,87,26,3.42,scattered clouds
686,Donskoye,RU,45.4552,41.9741,82.53,71,82,5.08,broken clouds
687,Pyapon,MM,16.2833,95.6833,80.17,88,96,6.04,overcast clouds
688,Husavik,IS,66.0449,-17.3389,53.02,66,97,7.07,overcast clouds
689,Kirtipur,NP,27.6667,85.2833,68.67,92,61,0.87,broken clouds
690,Bhadrachalam,IN,17.6667,80.8833,84.81,73,100,2.84,overcast clouds
